no_cars,frame,no_cars_time,colours_detected,colours_detected_time,car_type,car_type_time
1,0,1.653441,silver,0.001543,hatchback,3.825122
1,1,0.219056,silver,0.001473,hatchback,0.081373
1,2,0.204165,silver,0.00146,hatchback,0.072639
1,3,0.233685,silver,0.002032,hatchback,0.262037
1,4,0.215857,silver,0.001807,hatchback,0.086717
1,5,0.202074,silver,0.001492,hatchback,0.076627
1,6,0.22053,silver,0.001988,hatchback,0.221296
1,7,0.205555,silver,0.001478,hatchback,0.087727
1,8,0.215399,silver,0.001477,hatchback,0.073182
1,9,0.293313,silver,0.002305,hatchback,0.092069
1,10,0.263724,silver,0.002038,hatchback,0.231897
1,11,0.224583,silver,0.002382,hatchback,0.074808
1,12,0.225454,silver,0.001473,hatchback,0.080893
1,13,0.219228,silver,0.001479,hatchback,0.211003
1,14,0.20425,black,0.001455,hatchback,0.073759
1,15,0.230389,silver,0.001477,hatchback,0.075521
1,16,0.204167,black,0.001453,hatchback,0.206736
1,17,0.218003,black,0.001443,hatchback,0.078533
1,18,0.208062,black,0.001451,hatchback,0.071059
1,19,0.219367,black,0.001687,hatchback,0.21159
1,20,0.207028,black,0.001507,hatchback,0.077727
1,21,0.204197,black,0.001463,hatchback,0.071456
0,22,0.199467,,,,
0,23,0.201547,,,,
0,24,0.201052,,,,
0,25,0.198313,,,,
0,26,0.20654,,,,
0,27,0.208408,,,,
0,28,0.215749,,,,
0,29,0.204715,,,,
0,30,0.199915,,,,
0,31,0.21137,,,,
0,32,0.265572,,,,
0,33,0.201862,,,,
0,34,0.235188,,,,
0,35,0.204274,,,,
0,36,0.209358,,,,
0,37,0.208619,,,,
0,38,0.220613,,,,
0,39,0.211372,,,,
0,40,0.205265,,,,
0,41,0.202902,,,,
0,42,0.222195,,,,
0,43,0.221451,,,,
0,44,0.200441,,,,
0,45,0.200023,,,,
0,46,0.203471,,,,
0,47,0.207499,,,,
0,48,0.221243,,,,
0,49,0.203935,,,,
0,50,0.214699,,,,
0,51,0.206401,,,,
0,52,0.20827,,,,
0,53,0.219137,,,,
1,54,0.220245,black,0.001499,hatchback,0.076188
0,55,0.229961,,,,
1,56,0.216198,black,0.001454,hatchback,0.21906
1,57,0.229185,black,0.001448,hatchback,0.074242
1,58,0.20359,black,0.00147,hatchback,0.071672
0,59,0.201962,,,,
1,60,0.203248,black,0.001479,hatchback,0.204485
1,61,0.202044,black,0.001466,hatchback,0.073021
1,62,0.21557,black,0.00144,hatchback,0.071477
1,63,0.199101,black,0.001456,hatchback,0.209617
1,64,0.226553,silver,0.001598,hatchback,0.070611
1,65,0.265648,black,0.001459,hatchback,0.073082
1,66,0.221833,black,0.001463,hatchback,0.204358
1,67,0.199125,black,0.00147,hatchback,0.072615
1,68,0.199744,black,0.001454,hatchback,0.073347
1,69,0.210065,black,0.00145,hatchback,0.072981
1,70,0.2053,black,0.001462,hatchback,0.208531
1,71,0.20271,black,0.001453,hatchback,0.079754
1,72,0.202597,black,0.001459,hatchback,0.072317
1,73,0.224751,black,0.001426,hatchback,0.202992
1,74,0.213791,black,0.001435,hatchback,0.075576
0,75,0.20921,,,,
1,76,0.201085,black,0.001455,hatchback,0.075854
1,77,0.202276,black,0.001426,hatchback,0.209264
1,78,0.203269,black,0.001451,hatchback,0.070979
1,79,0.209978,black,0.001442,hatchback,0.08317
0,80,0.263796,,,,
0,81,0.200273,,,,
0,82,0.202646,,,,
0,83,0.199667,,,,
0,84,0.260033,,,,
0,85,0.20618,,,,
1,86,0.203108,silver,0.001465,sedan,0.21004
1,87,0.22356,silver,0.001448,sedan,0.072222
1,88,0.206956,silver,0.001448,sedan,0.074164
1,89,0.213389,silver,0.00145,sedan,0.074301
1,90,0.198273,silver,0.001425,sedan,0.209524
1,91,0.203916,silver,0.001455,sedan,0.071546
1,92,0.204071,silver,0.001417,sedan,0.074738
1,93,0.224667,silver,0.00147,sedan,0.208433
1,94,0.201849,silver,0.001414,sedan,0.091832
1,95,0.201598,silver,0.001466,sedan,0.073462
1,96,0.246342,silver,0.001417,sedan,0.205867
1,97,0.225864,silver,0.001433,sedan,0.072598
1,98,0.224802,silver,0.001421,sedan,0.071839
1,99,0.261126,black,0.001432,sedan,0.209175
1,100,0.201156,silver,0.001463,sedan,0.07716
1,101,0.249613,black,0.001408,sedan,0.071961
1,102,0.276252,silver,0.001435,sedan,0.072746
1,103,0.198865,silver,0.001412,sedan,0.21713
1,104,0.203125,silver,0.001481,sedan,0.072582
1,105,0.204208,black,0.001449,sedan,0.08546
1,106,0.202637,silver,0.00144,sedan,0.213291
1,107,0.207269,black,0.001449,sedan,0.071999
1,108,0.235064,black,0.001434,sedan,0.071406
1,109,0.214453,black,0.001414,sedan,0.208875
1,110,0.206629,black,0.001442,sedan,0.071411
1,111,0.206136,black,0.001439,sedan,0.073811
1,112,0.281442,silver,0.001481,sedan,0.209525
0,113,0.217334,,,,
0,114,0.211036,,,,
0,115,0.203837,,,,
0,116,0.198785,,,,
0,117,0.198204,,,,
0,118,0.271304,,,,
0,119,0.202626,,,,
0,120,0.197862,,,,
0,121,0.205386,,,,
0,122,0.199892,,,,
0,123,0.283465,,,,
0,124,0.198699,,,,
0,125,0.198852,,,,
0,126,0.207663,,,,
0,127,0.199223,,,,
0,128,0.197266,,,,
0,129,0.202825,,,,
1,130,0.285079,silver,0.001498,hatchback,0.07163
0,131,0.24308,,,,
0,132,0.263877,,,,
0,133,0.296985,,,,
0,134,0.198315,,,,
1,135,0.198916,silver,0.001456,hatchback,0.072109
1,136,0.209522,silver,0.001429,hatchback,0.07114
1,137,0.201014,silver,0.001451,hatchback,0.211173
1,138,0.202251,silver,0.001435,hatchback,0.070828
1,139,0.235641,silver,0.001442,hatchback,0.072188
1,140,0.20265,silver,0.001484,hatchback,0.209169
1,141,0.217042,silver,0.001477,hatchback,0.086967
1,142,0.273556,silver,0.001431,hatchback,0.070776
1,143,0.239805,silver,0.002342,hatchback,0.208295
1,144,0.208246,silver,0.001443,hatchback,0.072937
1,145,0.206653,silver,0.001453,hatchback,0.074614
1,146,0.232088,silver,0.001472,hatchback,0.208886
1,147,0.205601,silver,0.001439,hatchback,0.071361
1,148,0.200973,black,0.001425,hatchback,0.071414
1,149,0.218313,black,0.001435,hatchback,0.071316
1,150,0.216739,black,0.001424,hatchback,0.216076
1,151,0.198232,black,0.001416,hatchback,0.07303
1,152,0.253762,black,0.001445,hatchback,0.076663
1,153,0.19961,black,0.001424,hatchback,0.20736
1,154,0.201209,black,0.001447,hatchback,0.075204
1,155,0.200037,black,0.001469,hatchback,0.071635
1,156,0.274836,black,0.001565,hatchback,0.207639
1,157,0.205288,black,0.001434,hatchback,0.073659
1,158,0.207646,black,0.001431,hatchback,0.072337
1,159,0.222142,black,0.001445,hatchback,0.207362
1,160,0.211515,silver,0.001457,hatchback,0.07063
1,161,0.20118,silver,0.001468,hatchback,0.071626
0,162,0.25698,,,,
0,163,0.201315,,,,
0,164,0.200061,,,,
0,165,0.210538,,,,
0,166,0.199135,,,,
0,167,0.270201,,,,
0,168,0.197357,,,,
0,169,0.201491,,,,
0,170,0.203025,,,,
0,171,0.199375,,,,
0,172,0.201113,,,,
0,173,0.203317,,,,
0,174,0.201796,,,,
0,175,0.280898,,,,
0,176,0.202629,,,,
0,177,0.19837,,,,
0,178,0.19826,,,,
0,179,0.263307,,,,
0,180,0.280984,,,,
0,181,0.202884,,,,
0,182,0.201014,,,,
0,183,0.196726,,,,
0,184,0.204217,,,,
0,185,0.257759,,,,
0,186,0.202911,,,,
0,187,0.200551,,,,
0,188,0.199275,,,,
0,189,0.286992,,,,
0,190,0.200227,,,,
0,191,0.20099,,,,
0,192,0.204584,,,,
0,193,0.199277,,,,
0,194,0.205438,,,,
0,195,0.206416,,,,
0,196,0.202617,,,,
0,197,0.287461,,,,
0,198,0.290163,,,,
0,199,0.196975,,,,
0,200,0.278476,,,,
0,201,0.281423,,,,
0,202,0.207022,,,,
0,203,0.197062,,,,
0,204,0.263876,,,,
0,205,0.198421,,,,
0,206,0.19826,,,,
0,207,0.201143,,,,
0,208,0.204473,,,,
0,209,0.201003,,,,
0,210,0.200757,,,,
0,211,0.19984,,,,
0,212,0.19834,,,,
0,213,0.264691,,,,
0,214,0.19987,,,,
0,215,0.198473,,,,
0,216,0.206688,,,,
0,217,0.198835,,,,
0,218,0.258495,,,,
0,219,0.203035,,,,
0,220,0.275042,,,,
0,221,0.207349,,,,
0,222,0.197664,,,,
0,223,0.199558,,,,
0,224,0.205433,,,,
0,225,0.19882,,,,
0,226,0.200837,,,,
0,227,0.209481,,,,
0,228,0.200567,,,,
0,229,0.195028,,,,
0,230,0.202969,,,,
0,231,0.267673,,,,
0,232,0.198569,,,,
0,233,0.20246,,,,
0,234,0.203027,,,,
0,235,0.206567,,,,
0,236,0.201153,,,,
0,237,0.277253,,,,
0,238,0.260272,,,,
0,239,0.198948,,,,
0,240,0.19913,,,,
0,241,0.206153,,,,
0,242,0.20558,,,,
0,243,0.291759,,,,
0,244,0.199785,,,,
0,245,0.204932,,,,
0,246,0.204935,,,,
0,247,0.198868,,,,
0,248,0.29109,,,,
0,249,0.202459,,,,
0,250,0.198915,,,,
0,251,0.200658,,,,
0,252,0.203924,,,,
0,253,0.268699,,,,
0,254,0.205368,,,,
0,255,0.199646,,,,
0,256,0.204256,,,,
0,257,0.209054,,,,
0,258,0.198729,,,,
0,259,0.294894,,,,
0,260,0.24975,,,,
0,261,0.200527,,,,
0,262,0.205064,,,,
0,263,0.20161,,,,
0,264,0.198048,,,,
0,265,0.208554,,,,
0,266,0.198412,,,,
0,267,0.201256,,,,
0,268,0.204066,,,,
0,269,0.196309,,,,
0,270,0.198395,,,,
0,271,0.204342,,,,
0,272,0.195726,,,,
0,273,0.199773,,,,
0,274,0.202557,,,,
0,275,0.199094,,,,
0,276,0.19762,,,,
0,277,0.20236,,,,
0,278,0.199037,,,,
0,279,0.28712,,,,
0,280,0.268114,,,,
0,281,0.199282,,,,
0,282,0.202869,,,,
0,283,0.198684,,,,
0,284,0.205976,,,,
0,285,0.201997,,,,
0,286,0.19947,,,,
0,287,0.205339,,,,
0,288,0.204799,,,,
0,289,0.204678,,,,
0,290,0.202969,,,,
0,291,0.209141,,,,
0,292,0.271883,,,,
0,293,0.204427,,,,
0,294,0.267496,,,,
0,295,0.29451,,,,
0,296,0.281709,,,,
0,297,0.20204,,,,
0,298,0.20881,,,,
0,299,0.19616,,,,
0,300,0.197026,,,,
0,301,0.206308,,,,
0,302,0.199773,,,,
0,303,0.198266,,,,
0,304,0.268139,,,,
0,305,0.295125,,,,
0,306,0.203329,,,,
0,307,0.197219,,,,
0,308,0.19921,,,,
0,309,0.277756,,,,
0,310,0.278138,,,,
0,311,0.276359,,,,
0,312,0.200856,,,,
0,313,0.197254,,,,
0,314,0.201807,,,,
0,315,0.200233,,,,
0,316,0.203042,,,,
0,317,0.201737,,,,
0,318,0.20287,,,,
0,319,0.199211,,,,
0,320,0.198052,,,,
0,321,0.199677,,,,
0,322,0.201462,,,,
0,323,0.202099,,,,
0,324,0.196002,,,,
0,325,0.279539,,,,
0,326,0.200145,,,,
0,327,0.201642,,,,
0,328,0.205261,,,,
0,329,0.277166,,,,
0,330,0.204808,,,,
0,331,0.203447,,,,
0,332,0.200269,,,,
0,333,0.282916,,,,
0,334,0.200373,,,,
0,335,0.1975,,,,
0,336,0.202628,,,,
0,337,0.198103,,,,
0,338,0.202745,,,,
0,339,0.206793,,,,
0,340,0.269661,,,,
0,341,0.196501,,,,
0,342,0.197589,,,,
0,343,0.198462,,,,
0,344,0.199259,,,,
0,345,0.203984,,,,
0,346,0.27963,,,,
0,347,0.20892,,,,
0,348,0.200029,,,,
0,349,0.282721,,,,
0,350,0.203775,,,,
0,351,0.19787,,,,
0,352,0.202716,,,,
0,353,0.289664,,,,
0,354,0.198021,,,,
0,355,0.286508,,,,
0,356,0.196099,,,,
0,357,0.20211,,,,
0,358,0.208943,,,,
0,359,0.196597,,,,
0,360,0.204754,,,,
0,361,0.205063,,,,
0,362,0.203371,,,,
0,363,0.2136,,,,
0,364,0.208447,,,,
0,365,0.287299,,,,
0,366,0.202487,,,,
0,367,0.197949,,,,
0,368,0.20188,,,,
0,369,0.20985,,,,
0,370,0.20798,,,,
0,371,0.209452,,,,
0,372,0.209491,,,,
0,373,0.210729,,,,
0,374,0.294119,,,,
0,375,0.199786,,,,
0,376,0.201925,,,,
0,377,0.20801,,,,
0,378,0.206855,,,,
0,379,0.21013,,,,
0,380,0.213567,,,,
0,381,0.214168,,,,
0,382,0.215944,,,,
0,383,0.212441,,,,
0,384,0.211223,,,,
0,385,0.218791,,,,
0,386,0.275883,,,,
0,387,0.202293,,,,
0,388,0.224126,,,,
0,389,0.209531,,,,
0,390,0.210504,,,,
0,391,0.212447,,,,
0,392,0.209158,,,,
0,393,0.216968,,,,
0,394,0.210975,,,,
0,395,0.211885,,,,
0,396,0.214735,,,,
0,397,0.210287,,,,
0,398,0.278793,,,,
0,399,0.204765,,,,
0,400,0.20108,,,,
0,401,0.203268,,,,
1,402,0.212641,white,0.001577,hatchback,0.075138
1,403,0.203986,white,0.001515,hatchback,0.207565
1,404,0.20065,white,0.001472,hatchback,0.070411
1,405,0.20199,white,0.001483,hatchback,0.075746
1,406,0.221939,white,0.001501,hatchback,0.210589
1,407,0.232779,white,0.001482,hatchback,0.072007
1,408,0.256859,white,0.001511,hatchback,0.072251
1,409,0.205484,white,0.001481,hatchback,0.209475
1,410,0.215267,white,0.0015,hatchback,0.069849
1,411,0.2064,white,0.00147,hatchback,0.073533
0,412,0.209579,white,0.001515,hatchback,0.061245
1,413,0.20391,white,0.001462,hatchback,0.210382
0,414,0.203874,white,0.001482,hatchback,0.071254
1,415,0.203326,white,0.001491,hatchback,0.07207
0,416,0.218604,white,0.001482,hatchback,0.085412
0,417,0.204301,white,0.001515,hatchback,0.065651
1,418,0.205842,white,0.00146,hatchback,0.070682
0,419,0.219675,white,0.001482,hatchback,0.075412
1,420,0.203599,white,0.00154,hatchback,0.072405
0,421,0.216061,white,0.001577,hatchback,0.094512
0,422,0.278575,white,0.001515,hatchback,0.075746
0,423,0.275404,white,0.001472,hatchback,0.210589
0,424,0.284046,white,0.001483,hatchback,0.072007
0,425,0.212221,white,0.001501,hatchback,0.072251
0,426,0.199573,white,0.001482,hatchback,0.209475
0,427,0.203381,white,0.001511,hatchback,0.096344
0,428,0.202978,white,0.001481,hatchback,0.0754512
0,429,0.202929,white,0.001354,hatchback,0.0955412
1,430,0.201875,silver,0.001492,hatchback,0.223141
0,431,0.202613,,,,
0,432,0.199779,,,,
0,433,0.200806,,,,
0,434,0.1999,,,,
0,435,0.201142,,,,
0,436,0.203396,,,,
0,437,0.203287,,,,
0,438,0.200865,,,,
0,439,0.200086,,,,
0,440,0.199817,,,,
0,441,0.281947,,,,
0,442,0.202912,,,,
0,443,0.200124,,,,
0,444,0.202828,,,,
0,445,0.196218,,,,
0,446,0.201332,,,,
0,447,0.203807,,,,
0,448,0.201631,,,,
0,449,0.199584,,,,
0,450,0.271747,,,,
0,451,0.199321,,,,
0,452,0.202803,,,,
0,453,0.267358,,,,
0,454,0.197056,,,,
0,455,0.206919,,,,
0,456,0.204449,,,,
0,457,0.202181,,,,
0,458,0.214381,,,,
0,459,0.209125,,,,
0,460,0.212035,,,,
0,461,0.214009,,,,
0,462,0.21241,,,,
0,463,0.211176,,,,
0,464,0.211046,,,,
0,465,0.209995,,,,
0,466,0.216384,,,,
0,467,0.208303,,,,
0,468,0.209056,,,,
0,469,0.213636,,,,
0,470,0.206793,,,,
0,471,0.210725,,,,
0,472,0.212632,,,,
0,473,0.261503,,,,
0,474,0.276185,,,,
0,475,0.198633,,,,
0,476,0.197243,,,,
0,477,0.203052,,,,
0,478,0.201768,,,,
0,479,0.204693,,,,
0,480,0.215728,,,,
0,481,0.210048,,,,
0,482,0.209357,,,,
0,483,0.215947,,,,
0,484,0.212789,,,,
0,485,0.206841,,,,
0,486,0.212809,,,,
0,487,0.207613,,,,
0,488,0.208101,,,,
0,489,0.211657,,,,
0,490,0.212683,,,,
0,491,0.212286,,,,
0,492,0.283116,,,,
0,493,0.20219,,,,
1,494,0.206242,white,0.00146,hatchback,0.071094
1,495,0.204732,silver,0.001487,hatchback,0.074728
1,496,0.207198,white,0.001501,hatchback,0.211624
1,497,0.19902,silver,0.001468,hatchback,0.070061
1,498,0.282162,silver,0.001465,hatchback,0.074442
1,499,0.216749,white,0.001648,hatchback,0.212244
1,500,0.218979,white,0.00146,hatchback,0.07176
1,501,0.269443,white,0.001497,hatchback,0.071682
1,502,0.228618,white,0.001562,hatchback,0.209416
1,503,0.208045,white,0.001492,hatchback,0.071328
1,504,0.198719,silver,0.001485,hatchback,0.073235
1,505,0.206657,silver,0.001448,hatchback,0.071723
1,506,0.292473,silver,0.00148,hatchback,0.213265
1,507,0.206613,silver,0.001486,hatchback,0.071017
1,508,0.210752,silver,0.001475,hatchback,0.072694
1,509,0.28152,silver,0.001442,hatchback,0.205594
1,510,0.207267,silver,0.001449,hatchback,0.073466
1,511,0.204966,silver,0.001465,hatchback,0.073038
1,512,0.199888,silver,0.001449,hatchback,0.207042
1,513,0.205155,silver,0.00145,hatchback,0.070633
1,514,0.206036,silver,0.001462,hatchback,0.073634
1,515,0.207413,silver,0.001472,hatchback,0.210294
1,516,0.206007,silver,0.001463,hatchback,0.071125
1,517,0.207282,white,0.001474,hatchback,0.071747
1,518,0.232828,silver,0.001462,hatchback,0.071683
1,519,0.197306,silver,0.00149,hatchback,0.210517
1,520,0.214329,silver,0.001455,hatchback,0.071056
1,521,0.211671,silver,0.001494,hatchback,0.071828
0,522,0.205007,,,,
0,523,0.268972,,,,
0,524,0.200023,,,,
0,525,0.202392,,,,
0,526,0.201813,,,,
0,527,0.1985,,,,
0,528,0.200571,,,,
0,529,0.197369,,,,
0,530,0.200107,,,,
0,531,0.20094,,,,
0,532,0.287765,,,,
0,533,0.205125,,,,
0,534,0.199206,,,,
0,535,0.203678,,,,
0,536,0.204435,,,,
0,537,0.196738,,,,
0,538,0.202222,,,,
0,539,0.204549,,,,
0,540,0.267162,,,,
0,541,0.198007,,,,
0,542,0.200898,,,,
0,543,0.199107,,,,
0,544,0.283537,,,,
0,545,0.280036,,,,
0,546,0.199361,,,,
0,547,0.200675,,,,
0,548,0.198506,,,,
0,549,0.202296,,,,
0,550,0.197997,,,,
0,551,0.201879,,,,
0,552,0.203651,,,,
0,553,0.201304,,,,
0,554,0.257563,,,,
0,555,0.202452,,,,
0,556,0.199308,,,,
0,557,0.265652,,,,
0,558,0.205702,,,,
0,559,0.19932,,,,
0,560,0.290186,,,,
0,561,0.19993,,,,
0,562,0.279713,,,,
0,563,0.273535,,,,
0,564,0.197319,,,,
0,565,0.203835,,,,
0,566,0.199165,,,,
0,567,0.196665,,,,
0,568,0.209946,,,,
0,569,0.20037,,,,
0,570,0.29244,,,,
0,571,0.275597,,,,
0,572,0.275581,,,,
0,573,0.203269,,,,
1,574,0.287857,red,0.001461,hatchback,0.209619
1,575,0.202042,red,0.001462,hatchback,0.072203
1,576,0.198396,red,0.001473,hatchback,0.072155
1,577,0.208523,red,0.001493,hatchback,0.208997
1,578,0.199721,red,0.001457,hatchback,0.071914
1,579,0.202563,red,0.001434,hatchback,0.071202
1,580,0.200828,red,0.001424,hatchback,0.209286
1,581,0.201052,red,0.001448,hatchback,0.073018
1,582,0.197349,red,0.001418,hatchback,0.07329
1,583,0.205821,red,0.001442,hatchback,0.072004
1,584,0.281996,red,0.001426,hatchback,0.211185
1,585,0.212237,red,0.00159,hatchback,0.072388
1,586,0.200401,red,0.001427,hatchback,0.074739
1,587,0.217472,red,0.001423,hatchback,0.210534
1,588,0.206286,red,0.001473,hatchback,0.070981
1,589,0.200538,red,0.001414,hatchback,0.071871
1,590,0.204278,red,0.001972,hatchback,0.212201
1,591,0.213681,red,0.001462,hatchback,0.07443
1,592,0.215131,red,0.001477,hatchback,0.074287
1,593,0.197064,red,0.001413,hatchback,0.21019
1,594,0.201648,red,0.001425,hatchback,0.072386
1,595,0.202523,red,0.001394,hatchback,0.072468
1,596,0.204871,red,0.001477,hatchback,0.071964
1,597,0.259702,red,0.001438,hatchback,0.2118
1,598,0.20917,red,0.001503,hatchback,0.072436
1,599,0.203612,red,0.001439,hatchback,0.071963
1,600,0.207971,red,0.001476,hatchback,0.210804
0,601,0.223755,,,,
0,602,0.204242,,,,
0,603,0.199895,,,,
0,604,0.200525,,,,
0,605,0.200783,,,,
0,606,0.26834,,,,
0,607,0.203033,,,,
0,608,0.195068,,,,
0,609,0.203509,,,,
0,610,0.204302,,,,
0,611,0.198505,,,,
0,612,0.200269,,,,
0,613,0.204332,,,,
0,614,0.197987,,,,
0,615,0.197579,,,,
0,616,0.206206,,,,
0,617,0.200768,,,,
0,618,0.196353,,,,
0,619,0.202589,,,,
0,620,0.199231,,,,
0,621,0.199845,,,,
0,622,0.202724,,,,
0,623,0.282944,,,,
0,624,0.202008,,,,
0,625,0.221153,,,,
0,626,0.199739,,,,
0,627,0.203283,,,,
0,628,0.196478,,,,
0,629,0.198217,,,,
0,630,0.199531,,,,
0,631,0.199391,,,,
0,632,0.26009,,,,
0,633,0.202797,,,,
0,634,0.198686,,,,
0,635,0.197801,,,,
0,636,0.206469,,,,
0,637,0.202075,,,,
0,638,0.272703,,,,
0,639,0.289756,,,,
0,640,0.27501,,,,
0,641,0.200893,,,,
0,642,0.200298,,,,
0,643,0.297088,,,,
0,644,0.197734,,,,
0,645,0.275083,,,,
0,646,0.200043,,,,
0,647,0.200917,,,,
0,648,0.20545,,,,
0,649,0.200958,,,,
1,650,0.199294,silver,0.001453,hatchback,0.072405
1,651,0.2333,silver,0.001481,hatchback,0.072461
1,652,0.206637,black,0.00146,hatchback,0.21097
1,653,0.20874,black,0.001478,hatchback,0.071076
1,654,0.20574,black,0.001499,hatchback,0.073653
1,655,0.270457,black,0.001503,hatchback,0.207211
1,656,0.200904,black,0.001609,hatchback,0.07797
1,657,0.26954,black,0.001447,hatchback,0.072298
1,658,0.285423,black,0.001459,hatchback,0.072742
1,659,0.205012,black,0.001516,hatchback,0.207897
1,660,0.209375,black,0.001445,hatchback,0.071611
1,661,0.219925,black,0.001485,hatchback,0.072377
1,662,0.206385,black,0.001472,hatchback,0.209696
1,663,0.204022,black,0.001462,hatchback,0.07414
1,664,0.207729,black,0.001473,hatchback,0.072143
1,665,0.199643,black,0.001447,hatchback,0.210945
1,666,0.208486,black,0.00145,hatchback,0.071295
1,667,0.241343,black,0.001478,hatchback,0.077068
1,668,0.202701,black,0.001439,hatchback,0.208102
1,669,0.214008,black,0.001746,hatchback,0.071784
1,670,0.206095,black,0.001467,hatchback,0.073153
1,671,0.218162,black,0.001474,hatchback,0.072698
1,672,0.195902,black,0.001468,hatchback,0.210008
1,673,0.208942,black,0.001446,hatchback,0.07112
1,674,0.20082,black,0.001432,hatchback,0.076394
1,675,0.21887,black,0.001462,hatchback,0.208693
1,676,0.20925,black,0.001458,hatchback,0.072361
1,677,0.286653,black,0.001488,hatchback,0.07129
1,678,0.225994,black,0.001492,hatchback,0.216719
0,679,0.200428,,,,
0,680,0.195731,,,,
0,681,0.203764,,,,
0,682,0.198368,,,,
0,683,0.197396,,,,
0,684,0.270306,,,,
0,685,0.203828,,,,
0,686,0.196009,,,,
0,687,0.277049,,,,
0,688,0.275243,,,,
0,689,0.206458,,,,
0,690,0.198429,,,,
0,691,0.197925,,,,
0,692,0.203849,,,,
0,693,0.200635,,,,
0,694,0.20015,,,,
0,695,0.205426,,,,
0,696,0.2,,,,
0,697,0.19638,,,,
0,698,0.202662,,,,
0,699,0.198549,,,,
0,700,0.199207,,,,
0,701,0.206,,,,
0,702,0.27966,,,,
0,703,0.204636,,,,
0,704,0.264588,,,,
0,705,0.19868,,,,
0,706,0.202637,,,,
0,707,0.201974,,,,
0,708,0.199625,,,,
0,709,0.20168,,,,
0,710,0.200944,,,,
0,711,0.199234,,,,
0,712,0.205687,,,,
0,713,0.199254,,,,
0,714,0.202421,,,,
0,715,0.203601,,,,
0,716,0.200592,,,,
0,717,0.201545,,,,
0,718,0.203909,,,,
0,719,0.20212,,,,
0,720,0.202592,,,,
0,721,0.199112,,,,
0,722,0.274791,,,,
0,723,0.287026,,,,
0,724,0.196791,,,,
0,725,0.1977,,,,
0,726,0.20777,,,,
0,727,0.198606,,,,
0,728,0.209325,,,,
0,729,0.23477,,,,
0,730,0.198022,,,,
0,731,0.200615,,,,
0,732,0.19745,,,,
0,733,0.196274,,,,
0,734,0.290371,,,,
0,735,0.263809,,,,
0,736,0.202155,,,,
0,737,0.201736,,,,
0,738,0.202021,,,,
0,739,0.202352,,,,
0,740,0.200328,,,,
0,741,0.197842,,,,
0,742,0.197895,,,,
0,743,0.200874,,,,
0,744,0.20166,,,,
0,745,0.202546,,,,
0,746,0.200245,,,,
0,747,0.199002,,,,
0,748,0.220018,,,,
0,749,0.216107,,,,
0,750,0.212295,,,,
0,751,0.213575,,,,
0,752,0.212057,,,,
0,753,0.20636,,,,
0,754,0.212227,,,,
0,755,0.208841,,,,
0,756,0.206649,,,,
0,757,0.211145,,,,
0,758,0.208346,,,,
0,759,0.21438,,,,
0,760,0.209798,,,,
0,761,0.209964,,,,
0,762,0.213838,,,,
0,763,0.210978,,,,
0,764,0.208973,,,,
0,765,0.214968,,,,
0,766,0.211466,,,,
0,767,0.207518,,,,
0,768,0.211873,,,,
0,769,0.211772,,,,
0,770,0.21173,,,,
0,771,0.216478,,,,
0,772,0.208489,,,,
0,773,0.206492,,,,
0,774,0.209894,,,,
0,775,0.210153,,,,
0,776,0.209923,,,,
0,777,0.265511,,,,
0,778,0.198621,,,,
0,779,0.205476,,,,
0,780,0.203603,,,,
0,781,0.206572,,,,
0,782,0.213587,,,,
0,783,0.2088,,,,
0,784,0.209771,,,,
0,785,0.215293,,,,
0,786,0.213349,,,,
0,787,0.208178,,,,
0,788,0.209243,,,,
0,789,0.210225,,,,
0,790,0.209102,,,,
0,791,0.207389,,,,
0,792,0.20789,,,,
0,793,0.212668,,,,
0,794,0.212015,,,,
0,795,0.213131,,,,
0,796,0.219526,,,,
0,797,0.211341,,,,
0,798,0.213399,,,,
0,799,0.214133,,,,
1,800,0.211937,blue,0.001533,hatchback,0.073651
1,801,0.209835,blue,0.001664,hatchback,0.074124
1,802,0.202929,blue,0.001525,hatchback,0.209301
1,803,0.222186,blue,0.001457,hatchback,0.07297
1,804,0.204605,blue,0.001457,hatchback,0.073154
1,805,0.287215,blue,0.001453,hatchback,0.072158
1,806,0.200958,blue,0.001452,hatchback,0.213029
1,807,0.204804,blue,0.00143,hatchback,0.07155
1,808,0.198461,red,0.001432,hatchback,0.072386
1,809,0.209704,red,0.001462,hatchback,0.212884
1,810,0.201475,red,0.001474,hatchback,0.07511
1,811,0.199452,red,0.001427,hatchback,0.072735
1,812,0.199588,blue,0.00146,hatchback,0.203179
1,813,0.205044,red,0.001435,hatchback,0.075341
1,814,0.200525,blue,0.00143,hatchback,0.074404
1,815,0.20342,red,0.001439,hatchback,0.209816
1,816,0.20886,red,0.001432,hatchback,0.072524
1,817,0.234407,blue,0.00143,hatchback,0.071976
1,818,0.203309,red,0.001429,hatchback,0.073771
1,819,0.198616,blue,0.001408,hatchback,0.215567
1,820,0.207549,blue,0.001423,hatchback,0.073232
1,821,0.279111,blue,0.001408,hatchback,0.074211
1,822,0.205402,blue,0.001456,hatchback,0.210219
1,823,0.213305,red,0.00146,hatchback,0.07218
1,824,0.205528,red,0.00146,hatchback,0.074585
0,825,0.202938,,,,
0,826,0.291185,,,,
0,827,0.197831,,,,
0,828,0.200723,,,,
0,829,0.208015,,,,
0,830,0.199837,,,,
0,831,0.202023,,,,
0,832,0.206927,,,,
0,833,0.196767,,,,
0,834,0.282079,,,,
0,835,0.261629,,,,
0,836,0.198426,,,,
0,837,0.205472,,,,
1,838,0.195913,red,0.001486,hatchback,0.212927
0,839,0.20333,,,,
1,840,0.202118,red,0.001527,hatchback,0.073198
1,841,0.205066,black,0.003539,hatchback,0.073749
1,842,0.245406,black,0.001509,hatchback,0.208158
1,843,0.205798,black,0.001489,hatchback,0.074516
0,844,0.197933,,,,
0,845,0.202309,,,,
1,846,0.20125,red,0.001492,hatchback,0.072545
1,847,0.230245,black,0.001462,hatchback,0.072611
0,848,0.208435,,,,
0,849,0.19775,,,,
0,850,0.200471,,,,
1,851,0.205103,black,0.001492,hatchback,0.212559
0,852,0.202335,,,,
1,853,0.203745,black,0.001514,hatchback,0.073357
1,854,0.203288,black,0.001539,hatchback,0.074347
0,855,0.234917,,,,
0,856,0.280798,,,,
1,857,0.206037,black,0.001498,hatchback,0.211753
0,858,0.206221,,,,
0,859,0.286504,,,,
0,860,0.268287,,,,
0,861,0.270262,,,,
0,862,0.198501,,,,
0,863,0.198558,,,,
0,864,0.208411,,,,
0,865,0.199222,,,,
0,866,0.200755,,,,
0,867,0.205196,,,,
0,868,0.1997,,,,
0,869,0.199107,,,,
0,870,0.205248,,,,
0,871,0.204782,,,,
0,872,0.196233,,,,
0,873,0.207679,,,,
0,874,0.198932,,,,
0,875,0.199741,,,,
0,876,0.292946,,,,
1,877,0.289629,blue,0.00143,hatchback,0.071372
1,878,0.198754,blue,0.001434,hatchback,0.072925
1,879,0.215103,blue,0.001422,hatchback,0.210386
1,880,0.215145,blue,0.001446,hatchback,0.072082
1,881,0.203903,blue,0.001442,hatchback,0.08037
1,882,0.202337,blue,0.001417,hatchback,0.210067
1,883,0.203902,blue,0.001425,hatchback,0.0739
1,884,0.201444,blue,0.001435,hatchback,0.071719
1,885,0.201946,silver,0.00145,hatchback,0.075016
1,886,0.20814,blue,0.00144,hatchback,0.209863
1,887,0.207299,silver,0.001438,hatchback,0.0745
1,888,0.198786,blue,0.001431,hatchback,0.072109
1,889,0.208428,black,0.001444,hatchback,0.204919
1,890,0.220054,black,0.001425,hatchback,0.075587
1,891,0.236432,black,0.001433,hatchback,0.074502
1,892,0.203591,black,0.001415,hatchback,0.210061
1,893,0.202668,black,0.001457,hatchback,0.071378
1,894,0.202692,black,0.001435,hatchback,0.072717
1,895,0.204428,black,0.001412,hatchback,0.209517
1,896,0.201182,black,0.001444,hatchback,0.071909
1,897,0.204966,blue,0.001446,hatchback,0.072445
0,898,0.200211,,,,
0,899,0.200077,,,,
0,900,0.20021,,,,
0,901,0.202336,,,,
0,902,0.202013,,,,
0,903,0.203043,,,,
0,904,0.207674,,,,
0,905,0.19998,,,,
0,906,0.272018,,,,
0,907,0.2005,,,,
0,908,0.204019,,,,
0,909,0.200253,,,,
0,910,0.202369,,,,
0,911,0.205371,,,,
0,912,0.198777,,,,
0,913,0.200019,,,,
0,914,0.201018,,,,
0,915,0.198627,,,,
0,916,0.198243,,,,
0,917,0.203941,,,,
0,918,0.197466,,,,
0,919,0.291588,,,,
0,920,0.199454,,,,
0,921,0.270545,,,,
0,922,0.201824,,,,
0,923,0.200808,,,,
0,924,0.270732,,,,
0,925,0.200363,,,,
0,926,0.285661,,,,
0,927,0.205712,,,,
0,928,0.287982,,,,
1,929,0.276359,red,0.001459,hatchback,0.075951
1,930,0.200588,red,0.001431,hatchback,0.210411
1,931,0.215149,red,0.001487,hatchback,0.072428
1,932,0.197615,red,0.001455,hatchback,0.07242
1,933,0.203448,red,0.00147,hatchback,0.211416
1,934,0.202992,red,0.001453,hatchback,0.071149
1,935,0.206369,red,0.00148,hatchback,0.076086
1,936,0.198431,red,0.001434,hatchback,0.215087
1,937,0.196445,red,0.001427,hatchback,0.073437
1,938,0.203685,red,0.00162,hatchback,0.072099
2,939,0.203425,silver|red,0.002846,hatchback,0.211262
1,940,0.215098,silver,0.001458,hatchback,0.075681
1,941,0.205221,silver,0.001431,hatchback,0.071566
1,942,0.202206,silver,0.001478,hatchback,0.074665
2,943,0.206255,silver|red,0.002853,hatchback,0.210057
2,944,0.213047,silver|red,0.002825,hatchback,0.074276
2,945,0.204541,silver|red,0.002842,hatchback,0.072837
2,946,0.205686,silver|red,0.002879,hatchback,0.223257
2,947,0.20023,silver|red,0.002824,hatchback,0.071017
2,948,0.221762,silver|red,0.002815,hatchback,0.071681
2,949,0.223158,silver|red,0.002766,hatchback,0.217543
2,950,0.225289,silver|red,0.002814,hatchback,0.073729
2,951,0.200615,silver|red,0.002839,hatchback,0.072962
2,952,0.214265,silver|red,0.002793,hatchback,0.209916
2,953,0.205839,silver|red,0.002928,hatchback,0.072006
2,954,0.203459,silver|red,0.002796,hatchback,0.071854
2,955,0.198601,silver|red,0.002799,hatchback,0.072427
2,956,0.204033,silver|red,0.002838,hatchback,0.208869
1,957,0.214026,silver,0.001449,hatchback,0.070864
1,958,0.262028,silver,0.001495,hatchback,0.07219
1,959,0.215627,silver,0.001495,hatchback,0.199103
1,960,0.202849,silver,0.00145,hatchback,0.071801
1,961,0.207375,silver,0.00143,hatchback,0.084206
1,962,0.206711,white,0.001501,hatchback,0.207849
0,963,0.204382,,,,
0,964,0.200113,,,,
0,965,0.273009,,,,
0,966,0.205825,,,,
0,967,0.200634,,,,
0,968,0.199254,,,,
0,969,0.206197,,,,
0,970,0.197217,,,,
0,971,0.201508,,,,
0,972,0.200377,,,,
0,973,0.26848,,,,
0,974,0.281989,,,,
0,975,0.199264,,,,
0,976,0.274141,,,,
0,977,0.270479,,,,
0,978,0.196335,,,,
0,979,0.255307,,,,
0,980,0.199522,,,,
0,981,0.197672,,,,
0,982,0.203666,,,,
0,983,0.199847,,,,
0,984,0.202139,,,,
0,985,0.201511,,,,
0,986,0.197344,,,,
0,987,0.271563,,,,
0,988,0.199599,,,,
0,989,0.278357,,,,
0,990,0.203177,,,,
0,991,0.196182,,,,
0,992,0.202397,,,,
0,993,0.203443,,,,
0,994,0.196846,,,,
0,995,0.196433,,,,
0,996,0.203886,,,,
0,997,0.198135,,,,
0,998,0.20019,,,,
0,999,0.273385,,,,
0,1000,0.199821,,,,
0,1001,0.20548,,,,
0,1002,0.196773,,,,
0,1003,0.202056,,,,
0,1004,0.287667,,,,
0,1005,0.198207,,,,
0,1006,0.200741,,,,
0,1007,0.265494,,,,
0,1008,0.203261,,,,
0,1009,0.288558,,,,
0,1010,0.195677,,,,
0,1011,0.197663,,,,
0,1012,0.284658,,,,
0,1013,0.282896,,,,
0,1014,0.280866,,,,
0,1015,0.195228,,,,
0,1016,0.284538,,,,
0,1017,0.200083,,,,
0,1018,0.200518,,,,
0,1019,0.204754,,,,
0,1020,0.257825,,,,
0,1021,0.197239,,,,
0,1022,0.202896,,,,
0,1023,0.267288,,,,
0,1024,0.203272,,,,
0,1025,0.199027,,,,
0,1026,0.281272,,,,
0,1027,0.2756,,,,
0,1028,0.204118,,,,
0,1029,0.274242,,,,
0,1030,0.203739,,,,
0,1031,0.269531,,,,
0,1032,0.202992,,,,
0,1033,0.197951,,,,
0,1034,0.201764,,,,
0,1035,0.202856,,,,
0,1036,0.197482,,,,
0,1037,0.199682,,,,
0,1038,0.20009,,,,
0,1039,0.195954,,,,
0,1040,0.198392,,,,
0,1041,0.19804,,,,
1,1042,0.201951,black,0.001477,sedan,0.072284
1,1043,0.235084,black,0.001472,sedan,0.072881
1,1044,0.201623,black,0.001532,sedan,0.211509
1,1045,0.204082,black,0.001487,sedan,0.072484
1,1046,0.199243,black,0.001437,sedan,0.073444
1,1047,0.211638,black,0.001476,sedan,0.074083
1,1048,0.208738,black,0.001489,sedan,0.211426
1,1049,0.203147,black,0.001557,sedan,0.071219
1,1050,0.205748,black,0.001451,sedan,0.073413
1,1051,0.236915,black,0.001471,sedan,0.211948
1,1052,0.218588,black,0.001469,sedan,0.083564
1,1053,0.198197,black,0.001495,sedan,0.074116
1,1054,0.219792,black,0.001457,sedan,0.204433
1,1055,0.198093,black,0.001473,sedan,0.071443
1,1056,0.204933,black,0.001501,sedan,0.08646
1,1057,0.195195,black,0.001411,sedan,0.210364
1,1058,0.214998,black,0.001476,sedan,0.073011
1,1059,0.244698,black,0.001463,sedan,0.073432
1,1060,0.205431,black,0.001501,sedan,0.072901
0,1061,0.208447,,,,
1,1062,0.195356,black,0.001445,hatchback,0.211745
1,1063,0.201287,black,0.001427,hatchback,0.072285
1,1064,0.199997,black,0.001518,hatchback,0.073212
0,1065,0.197417,,,,
0,1066,0.272328,,,,
0,1067,0.207005,,,,
0,1068,0.195557,,,,
0,1069,0.284512,,,,
0,1070,0.201426,,,,
0,1071,0.285462,,,,
0,1072,0.283136,,,,
0,1073,0.199604,,,,
0,1074,0.197628,,,,
0,1075,0.199974,,,,
0,1076,0.203682,,,,
0,1077,0.199035,,,,
0,1078,0.202425,,,,
0,1079,0.200314,,,,
0,1080,0.20266,,,,
0,1081,0.204045,,,,
0,1082,0.200683,,,,
0,1083,0.204251,,,,
0,1084,0.195619,,,,
0,1085,0.272373,,,,
0,1086,0.206284,,,,
0,1087,0.201057,,,,
0,1088,0.202446,,,,
0,1089,0.285981,,,,
0,1090,0.199677,,,,
0,1091,0.199423,,,,
0,1092,0.200015,,,,
0,1093,0.201094,,,,
0,1094,0.201335,,,,
0,1095,0.197504,,,,
0,1096,0.208923,,,,
0,1097,0.212997,,,,
0,1098,0.211837,,,,
0,1099,0.209478,,,,
0,1100,0.278876,,,,
0,1101,0.263179,,,,
0,1102,0.213776,,,,
0,1103,0.208558,,,,
0,1104,0.207585,,,,
0,1105,0.212276,,,,
0,1106,0.203424,,,,
0,1107,0.207457,,,,
0,1108,0.211232,,,,
0,1109,0.240953,,,,
0,1110,0.204269,,,,
1,1111,0.212182,silver,0.001432,hatchback,0.212144
1,1112,0.206667,silver,0.001455,hatchback,0.072714
1,1113,0.2014,silver,0.001456,sedan,0.080429
1,1114,0.203802,silver,0.001451,sedan,0.208691
1,1115,0.220258,silver,0.001496,sedan,0.074634
1,1116,0.210487,silver,0.00145,sedan,0.079435
1,1117,0.207651,silver,0.00144,sedan,0.212236
1,1118,0.206887,silver,0.001449,sedan,0.078514
1,1119,0.209849,silver,0.001485,sedan,0.076773
1,1120,0.210506,silver,0.001478,sedan,0.074624
1,1121,0.198116,silver,0.00145,sedan,0.212964
1,1122,0.209968,silver,0.001471,sedan,0.073137
1,1123,0.199375,silver,0.001485,sedan,0.072139
1,1124,0.207943,silver,0.001481,sedan,0.211759
1,1125,0.211067,silver,0.001436,sedan,0.071472
1,1126,0.208531,silver,0.001423,sedan,0.072912
1,1127,0.201268,silver,0.001461,sedan,0.208537
1,1128,0.205351,silver,0.001424,hatchback,0.075822
1,1129,0.211045,silver,0.001466,hatchback,0.073946
1,1130,0.292678,silver,0.001481,hatchback,0.21127
1,1131,0.20182,silver,0.001437,hatchback,0.08521
1,1132,0.215623,silver,0.001446,hatchback,0.071852
1,1133,0.219894,silver,0.001476,hatchback,0.076109
1,1134,0.296877,silver,0.001432,hatchback,0.214466
1,1135,0.232106,silver,0.00144,hatchback,0.073127
1,1136,0.202852,silver,0.00149,hatchback,0.072184
1,1137,0.288402,silver,0.001476,hatchback,0.213262
0,1138,0.223568,,,,
0,1139,0.201337,,,,
0,1140,0.197316,,,,
0,1141,0.202956,,,,
0,1142,0.205167,,,,
0,1143,0.278869,,,,
0,1144,0.203181,,,,
0,1145,0.20332,,,,
0,1146,0.269378,,,,
0,1147,0.19985,,,,
0,1148,0.19646,,,,
0,1149,0.20773,,,,
0,1150,0.198972,,,,
0,1151,0.200506,,,,
0,1152,0.199547,,,,
0,1153,0.198752,,,,
0,1154,0.282602,,,,
0,1155,0.200129,,,,
0,1156,0.203477,,,,
0,1157,0.198706,,,,
0,1158,0.201526,,,,
0,1159,0.199876,,,,
0,1160,0.288133,,,,
0,1161,0.252448,,,,
0,1162,0.196413,,,,
0,1163,0.269621,,,,
0,1164,0.198828,,,,
0,1165,0.197634,,,,
0,1166,0.20399,,,,
0,1167,0.199125,,,,
0,1168,0.201357,,,,
0,1169,0.200638,,,,
0,1170,0.199221,,,,
0,1171,0.197948,,,,
0,1172,0.205243,,,,
0,1173,0.288891,,,,
0,1174,0.203471,,,,
0,1175,0.196839,,,,
0,1176,0.196422,,,,
0,1177,0.203929,,,,
0,1178,0.200193,,,,
0,1179,0.290473,,,,
0,1180,0.198584,,,,
0,1181,0.200299,,,,
0,1182,0.199093,,,,
0,1183,0.265161,,,,
0,1184,0.2007,,,,
0,1185,0.206844,,,,
0,1186,0.283706,,,,
0,1187,0.195042,,,,
0,1188,0.202283,,,,
0,1189,0.200087,,,,
0,1190,0.200932,,,,
0,1191,0.198551,,,,
0,1192,0.196796,,,,
0,1193,0.201788,,,,
0,1194,0.201302,,,,
0,1195,0.1974,,,,
0,1196,0.204061,,,,
0,1197,0.200633,,,,
0,1198,0.202132,,,,
0,1199,0.20951,,,,
0,1200,0.259262,,,,
0,1201,0.198974,,,,
0,1202,0.206107,,,,
0,1203,0.283124,,,,
0,1204,0.285418,,,,
0,1205,0.285845,,,,
0,1206,0.198828,,,,
0,1207,0.199237,,,,
0,1208,0.202384,,,,
0,1209,0.197603,,,,
0,1210,0.200811,,,,
0,1211,0.200049,,,,
0,1212,0.20004,,,,
0,1213,0.206722,,,,
0,1214,0.203106,,,,
0,1215,0.213655,,,,
0,1216,0.210569,,,,
0,1217,0.208671,,,,
0,1218,0.213985,,,,
0,1219,0.207601,,,,
0,1220,0.206212,,,,
0,1221,0.216971,,,,
0,1222,0.270132,,,,
0,1223,0.286479,,,,
0,1224,0.19952,,,,
0,1225,0.200375,,,,
0,1226,0.202079,,,,
0,1227,0.200268,,,,
0,1228,0.201312,,,,
0,1229,0.267023,,,,
0,1230,0.263949,,,,
0,1231,0.204891,,,,
0,1232,0.198596,,,,
0,1233,0.203186,,,,
0,1234,0.203607,,,,
0,1235,0.210257,,,,
0,1236,0.207352,,,,
0,1237,0.215861,,,,
0,1238,0.207808,,,,
0,1239,0.211669,,,,
0,1240,0.21191,,,,
0,1241,0.21331,,,,
0,1242,0.210109,,,,
0,1243,0.216817,,,,
0,1244,0.212883,,,,
0,1245,0.20975,,,,
0,1246,0.210546,,,,
0,1247,0.210449,,,,
0,1248,0.214699,,,,
0,1249,0.207367,,,,
0,1250,0.212471,,,,
0,1251,0.21868,,,,
0,1252,0.20593,,,,
0,1253,0.212481,,,,
0,1254,0.213688,,,,
0,1255,0.21195,,,,
0,1256,0.270193,,,,
0,1257,0.199039,,,,
0,1258,0.201725,,,,
0,1259,0.208021,,,,
0,1260,0.208248,,,,
0,1261,0.208445,,,,
0,1262,0.214231,,,,
0,1263,0.208472,,,,
0,1264,0.2112,,,,
0,1265,0.21559,,,,
0,1266,0.20753,,,,
0,1267,0.210576,,,,
0,1268,0.266085,,,,
0,1269,0.257864,,,,
0,1270,0.205648,,,,
0,1271,0.198254,,,,
0,1272,0.264684,,,,
0,1273,0.271296,,,,
0,1274,0.198377,,,,
0,1275,0.201081,,,,
0,1276,0.200355,,,,
0,1277,0.201021,,,,
0,1278,0.201553,,,,
0,1279,0.198569,,,,
0,1280,0.199878,,,,
0,1281,0.214058,,,,
0,1282,0.290594,,,,
0,1283,0.199935,,,,
0,1284,0.207082,,,,
0,1285,0.199352,,,,
0,1286,0.20697,,,,
0,1287,0.210824,,,,
0,1288,0.20874,,,,
0,1289,0.211015,,,,
0,1290,0.208752,,,,
0,1291,0.210294,,,,
0,1292,0.211748,,,,
0,1293,0.213052,,,,
0,1294,0.280916,,,,
0,1295,0.204322,,,,
0,1296,0.203738,,,,
0,1297,0.203514,,,,
0,1298,0.288727,,,,
0,1299,0.261438,,,,
0,1300,0.202955,,,,
0,1301,0.197394,,,,
0,1302,0.198759,,,,
0,1303,0.201863,,,,
0,1304,0.198905,,,,
0,1305,0.202002,,,,
0,1306,0.21047,,,,
0,1307,0.211507,,,,
0,1308,0.282808,,,,
0,1309,0.19845,,,,
0,1310,0.202118,,,,
0,1311,0.285516,,,,
0,1312,0.276393,,,,
0,1313,0.204388,,,,
0,1314,0.282848,,,,
0,1315,0.198649,,,,
0,1316,0.29234,,,,
0,1317,0.287198,,,,
0,1318,0.203085,,,,
0,1319,0.199815,,,,
0,1320,0.20222,,,,
0,1321,0.202778,,,,
0,1322,0.19745,,,,
0,1323,0.287476,,,,
0,1324,0.195688,,,,
0,1325,0.201534,,,,
0,1326,0.206042,,,,
0,1327,0.199368,,,,
0,1328,0.199854,,,,
0,1329,0.206542,,,,
0,1330,0.200753,,,,
0,1331,0.201073,,,,
0,1332,0.202361,,,,
0,1333,0.205518,,,,
0,1334,0.208803,,,,
0,1335,0.213537,,,,
0,1336,0.206249,,,,
0,1337,0.20953,,,,
0,1338,0.211327,,,,
0,1339,0.207348,,,,
0,1340,0.210759,,,,
0,1341,0.210275,,,,
0,1342,0.209803,,,,
0,1343,0.212591,,,,
0,1344,0.212887,,,,
0,1345,0.209087,,,,
0,1346,0.288566,,,,
0,1347,0.196177,,,,
0,1348,0.199495,,,,
0,1349,0.27601,,,,
0,1350,0.266136,,,,
0,1351,0.203031,,,,
0,1352,0.200064,,,,
0,1353,0.196594,,,,
0,1354,0.203886,,,,
0,1355,0.287918,,,,
0,1356,0.200206,,,,
0,1357,0.200577,,,,
0,1358,0.260406,,,,
0,1359,0.20192,,,,
0,1360,0.263396,,,,
0,1361,0.198495,,,,
0,1362,0.201901,,,,
0,1363,0.198319,,,,
0,1364,0.199124,,,,
0,1365,0.205576,,,,
0,1366,0.213081,,,,
0,1367,0.291881,,,,
0,1368,0.199218,,,,
0,1369,0.198543,,,,
0,1370,0.207939,,,,
0,1371,0.285671,,,,
0,1372,0.290283,,,,
0,1373,0.19772,,,,
0,1374,0.199086,,,,
0,1375,0.204044,,,,
0,1376,0.201957,,,,
0,1377,0.262778,,,,
0,1378,0.264817,,,,
0,1379,0.202657,,,,
0,1380,0.210118,,,,
0,1381,0.196364,,,,
0,1382,0.200586,,,,
0,1383,0.202753,,,,
0,1384,0.204135,,,,
0,1385,0.205533,,,,
0,1386,0.215117,,,,
0,1387,0.20566,,,,
0,1388,0.278838,,,,
0,1389,0.207177,,,,
0,1390,0.201001,,,,
0,1391,0.207086,,,,
0,1392,0.206233,,,,
0,1393,0.208264,,,,
0,1394,0.21306,,,,
0,1395,0.213646,,,,
0,1396,0.268045,,,,
0,1397,0.269168,,,,
0,1398,0.197883,,,,
0,1399,0.205092,,,,
0,1400,0.200141,,,,
0,1401,0.202091,,,,
0,1402,0.268836,,,,
0,1403,0.199261,,,,
0,1404,0.201204,,,,
0,1405,0.277189,,,,
0,1406,0.201051,,,,
0,1407,0.197258,,,,
0,1408,0.28133,,,,
0,1409,0.199486,,,,
0,1410,0.290176,,,,
0,1411,0.203748,,,,
0,1412,0.198313,,,,
0,1413,0.201781,,,,
0,1414,0.267934,,,,
0,1415,0.201476,,,,
0,1416,0.20106,,,,
0,1417,0.199709,,,,
0,1418,0.274897,,,,
0,1419,0.197108,,,,
0,1420,0.199306,,,,
0,1421,0.266977,,,,
0,1422,0.196371,,,,
0,1423,0.201486,,,,
0,1424,0.20447,,,,
0,1425,0.198317,,,,
0,1426,0.208361,,,,
0,1427,0.208251,,,,
0,1428,0.208677,,,,
0,1429,0.270707,,,,
0,1430,0.197436,,,,
0,1431,0.201355,,,,
0,1432,0.212463,,,,
0,1433,0.209034,,,,
0,1434,0.209514,,,,
0,1435,0.213264,,,,
1,1436,0.211592,red,0.001549,hatchback,0.074177
0,1437,0.209107,,,,
0,1438,0.209677,,,,
1,1439,0.208893,red,0.001587,hatchback,0.075709
1,1440,0.233092,red,0.001417,hatchback,0.212445
1,1441,0.218011,red,0.001447,hatchback,0.079452
1,1442,0.199358,red,0.001451,hatchback,0.074036
1,1443,0.202799,silver,0.001437,hatchback,0.206772
1,1444,0.219593,silver,0.001484,hatchback,0.072865
1,1445,0.213889,red,0.001429,hatchback,0.072457
1,1446,0.197323,red,0.001428,hatchback,0.07373
1,1447,0.204396,silver,0.001418,hatchback,0.212611
1,1448,0.220693,silver,0.001481,hatchback,0.07308
1,1449,0.216755,silver,0.001439,hatchback,0.072352
1,1450,0.199743,silver,0.001495,hatchback,0.212525
1,1451,0.218414,silver,0.001466,hatchback,0.07292
1,1452,0.276948,silver,0.001422,hatchback,0.073137
1,1453,0.202242,silver,0.001418,hatchback,0.21109
0,1454,0.202737,,,,
1,1455,0.206407,silver,0.001435,hatchback,0.075239
1,1456,0.201205,silver,0.001466,hatchback,0.071793
0,1457,0.227019,,,,
0,1458,0.20131,,,,
0,1459,0.286467,,,,
0,1460,0.199275,,,,
0,1461,0.20025,,,,
0,1462,0.201165,,,,
0,1463,0.202436,,,,
0,1464,0.202376,,,,
0,1465,0.205641,,,,
0,1466,0.19939,,,,
0,1467,0.200064,,,,
0,1468,0.203095,,,,
1,1469,0.206095,silver,0.001454,hatchback,0.211985
0,1470,0.203553,,,,
1,1471,0.19908,red,0.001484,hatchback,0.073359
1,1472,0.198698,red,0.001484,hatchback,0.078483
1,1473,0.270416,red,0.001522,hatchback,0.073429
1,1474,0.216824,red,0.001497,hatchback,0.202755
1,1475,0.201697,red,0.001519,hatchback,0.071849
0,1476,0.201413,,,,
0,1477,0.200485,,,,
0,1478,0.276963,,,,
1,1479,0.205729,red,0.001479,hatchback,0.071619
1,1480,0.233293,red,0.001505,hatchback,0.200314
0,1481,0.20813,,,,
1,1482,0.202368,red,0.001498,hatchback,0.07419
0,1483,0.268315,,,,
0,1484,0.200962,,,,
0,1485,0.195675,,,,
0,1486,0.205844,,,,
0,1487,0.199816,,,,
0,1488,0.199878,,,,
0,1489,0.20678,,,,
0,1490,0.272474,,,,
0,1491,0.288317,,,,
0,1492,0.261612,,,,
0,1493,0.201037,,,,
0,1494,0.201512,,,,
